Channel_name,Status,Update_time
–ú–∞—Å—Ç–µ—Ä—Å—Ç–≤–æ —Ç—Ä–µ–π–¥–∏–Ω–≥–∞,ADD,2023-12-21 17:34
Crypto Wolf,ADD,2023-12-21 17:34
PRO TRADING | SIGNALS,ADD,2023-12-21 17:34
–ö—Ä–∏–ø—Ç–æ–Ω–µ—Ü,ADD,2023-12-21 17:34
2Trade - Kirill Sobolev,ADD,2023-12-21 17:34
–ö—Ä–∏–ø—Ç–æ–Ω–µ—Ü,REMOVE,2023-12-21 19:01
2Trade - Kirill Sobolev,REMOVE,2023-12-21 19:03
Crypto Pirates Channel ¬ÆÔ∏è,ADD,2023-12-21 19:30
Trading Expert,ADD,2023-12-21 19:46
CRYPTO HEADS | MAX ORLOV,ADD,2023-12-21 21:02
–ú–∏—Ö–∞–∏–ª –ö—É–¥—Ä—è—à–æ–≤ [TRADING],ADD,2023-12-21 21:02
–°–∞—à–∞ –ì—Ä—ç–π–≤ | –ö—Ä–∏–ø—Ç–æ,ADD,2023-12-21 21:02
¬´–î–Ω–µ–≤–Ω–∏–∫ –¢–∏–º—É—Ä–∞¬ª,ADD,2023-12-21 21:02
Osip Trade | Maxim Osipov,ADD,2023-12-21 21:02
¬´–ë–ª–æ–≥ –ú–∞—Ä–∫–æ–≤–∞ ~ –¢—Ä–µ–π–¥–∏–Ω–≥¬ª,ADD,2023-12-21 21:02
–ê–∫—É–ª—å—è –ì–∞–≤–∞–Ω—å,ADD,2023-12-21 21:02
–ü–ª–µ—á–æ –ü—Ä–æ—Ñ–µ—Å—Å–æ—Ä–∞,ADD,2023-12-21 21:02
Crypto –£–ø—Ä–∞–≤–ª—è—é—â–∏–π,ADD,2023-12-21 21:02
1% club trading,ADD,2023-12-21 21:02
Trade Community,ADD,2023-12-21 21:02
CryptoGrad,ADD,2023-12-21 21:02
–Æ—Ä–∏–π –î–∞–≤–∏–¥–æ–≤|Trading –ö–∏—Çüê≥,ADD,2023-12-21 21:02
–†–æ–º–∞–Ω –ü–æ—Ä–æ—Ö–æ–≤ | –§—å—é—á–µ—Ä—Å—ã,ADD,2023-12-21 21:02
THE BEST TRADERS,ADD,2023-12-21 21:02
Trade Indicator üöÄ,ADD,2023-12-21 21:02
–î–Ω–µ–≤–Ω–∏–∫ —Ç—Ä–µ–π–¥–µ—Ä–∞,ADD,2023-12-21 21:02
Crypto Angel - [VIP],ADD,2023-12-21 21:02
Crypto Futures [Signal],ADD,2023-12-21 21:02
Sakura | Japan Trade,ADD,2023-12-21 21:02
BIG TRADER,ADD,2023-12-21 21:02
FOMA TRADE,ADD,2023-12-21 21:02
–î—ç–≤–∏–¥ –ë—Ä–∞—É–Ω | Crypto Revolution,ADD,2023-12-21 21:02
–ö—Ä–∏–ø—Ç–æ –†—ã–±–∞–∫ | Tradingüé£,ADD,2023-12-21 21:02
CryptoLab,ADD,2023-12-21 21:02
–†—É—Å–ª–∞–Ω ‚Ä¢ Crypto & Trader,ADD,2023-12-21 21:02
Crypto Fresh,ADD,2023-12-21 21:02
ZERO TEST,ADD,2023-12-22 11:36
¬´–ë–ª–æ–≥ –ú–∞—Ä–∫–æ–≤–∞¬ª,ADD,2023-12-22 17:37
¬´–ë–ª–æ–≥ –ú–∞—Ä–∫–æ–≤–∞ ~ –¢—Ä–µ–π–¥–∏–Ω–≥¬ª,REMOVE,2023-12-22 17:37
Crypto Wolf,ADD,2023-12-22 20:26
Crypto Wolf,REMOVE,2023-12-22 20:26
Crypto Wolf,ADD,2023-12-22 20:27
Crypto Wolf,REMOVE,2023-12-22 20:27
–†–æ–º–∞–Ω –ü–æ—Ä–æ—Ö–æ–≤ | –§—å—é—á–µ—Ä—Å—ã,REMOVE,2023-12-23 18:47
Crypto Fresh,REMOVE,2023-12-23 18:54
BIG TRADER,REMOVE,2023-12-23 19:08
1% club trading,REMOVE,2023-12-23 19:12
–î–Ω–µ–≤–Ω–∏–∫ —Ç—Ä–µ–π–¥–µ—Ä–∞ | –õ–∏—á–Ω—ã–π –±–ª–æ–≥,ADD,2023-12-27 06:40
–î–Ω–µ–≤–Ω–∏–∫ —Ç—Ä–µ–π–¥–µ—Ä–∞,REMOVE,2023-12-27 06:40
–ú–ò–•–ê–ò–õ –ö–£–î–†–Ø–®–û–í [TRADING],ADD,2024-01-10 11:59
–ú–∏—Ö–∞–∏–ª –ö—É–¥—Ä—è—à–æ–≤ [TRADING],REMOVE,2024-01-10 11:59
CRYPTO HEADS | MAX ORLOV,ADD,2024-01-14 06:44
–ú–ò–•–ê–ò–õ –ö–£–î–†–Ø–®–û–í [TRADING],ADD,2024-01-14 06:44
ZERO TEST,ADD,2024-01-14 06:44
–°–∞—à–∞ –ì—Ä—ç–π–≤ | –ö—Ä–∏–ø—Ç–æ,ADD,2024-01-14 06:44
¬´–î–Ω–µ–≤–Ω–∏–∫ –¢–∏–º—É—Ä–∞¬ª –ù–ï,ADD,2024-01-14 06:44
Osip Trade | Maxim Osipov,ADD,2024-01-14 06:44
¬´–ë–ª–æ–≥ –ú–∞—Ä–∫–æ–≤–∞¬ª,ADD,2024-01-14 06:44
–ê–∫—É–ª—å—è –ì–∞–≤–∞–Ω—å –ù–ï,ADD,2024-01-14 06:44
–ü–ª–µ—á–æ –ü—Ä–æ—Ñ–µ—Å—Å–æ—Ä–∞,ADD,2024-01-14 06:44
–ú–∞—Å—Ç–µ—Ä—Å—Ç–≤–æ —Ç—Ä–µ–π–¥–∏–Ω–≥–∞,ADD,2024-01-14 06:44
Crypto Pirates Channel ¬ÆÔ∏è,ADD,2024-01-14 06:44
Trade Community,ADD,2024-01-14 06:44
CryptoGrad,ADD,2024-01-14 06:44
–Æ—Ä–∏–π –î–∞–≤–∏–¥–æ–≤|Trading –ö–∏—Çüê≥,ADD,2024-01-14 06:44
Crypto –£–ø—Ä–∞–≤–ª—è—é—â–∏–π,ADD,2024-01-14 06:44
Crypto Wolf,ADD,2024-01-14 06:44
PRO TRADING | SIGNALS,ADD,2024-01-14 06:44
THE BEST TRADERS,ADD,2024-01-14 06:44
Trade Indicator üöÄ,ADD,2024-01-14 06:44
–î–Ω–µ–≤–Ω–∏–∫ —Ç—Ä–µ–π–¥–µ—Ä–∞ | –õ–∏—á–Ω—ã–π –±–ª–æ–≥,ADD,2024-01-14 06:44
Crypto Angel - [VIP],ADD,2024-01-14 06:44
Crypto Futures [Signal],ADD,2024-01-14 06:44
Trading Expert –ù–ï,ADD,2024-01-14 06:44
Sakura | Japan Trade,ADD,2024-01-14 06:44
FOMA TRADE,ADD,2024-01-14 06:44
–î—ç–≤–∏–¥ –ë—Ä–∞—É–Ω | Crypto Revolution,ADD,2024-01-14 06:44
–ö—Ä–∏–ø—Ç–æ –†—ã–±–∞–∫ | Tradingüé£,ADD,2024-01-14 06:44
CryptoLab,ADD,2024-01-14 06:44
–†—É—Å–ª–∞–Ω ‚Ä¢ Crypto & Trader,ADD,2024-01-14 06:44
CRYPTO HEADS | MAX ORLOV,REMOVE,2024-01-14 06:44
–ú–ò–•–ê–ò–õ –ö–£–î–†–Ø–®–û–í [TRADING],REMOVE,2024-01-14 06:44
ZERO TEST,REMOVE,2024-01-14 06:44
–°–∞—à–∞ –ì—Ä—ç–π–≤ | –ö—Ä–∏–ø—Ç–æ,REMOVE,2024-01-14 06:44
¬´–î–Ω–µ–≤–Ω–∏–∫ –¢–∏–º—É—Ä–∞¬ª,REMOVE,2024-01-14 06:44
Osip Trade | Maxim Osipov,REMOVE,2024-01-14 06:44
¬´–ë–ª–æ–≥ –ú–∞—Ä–∫–æ–≤–∞¬ª,REMOVE,2024-01-14 06:44
–ê–∫—É–ª—å—è –ì–∞–≤–∞–Ω—å,REMOVE,2024-01-14 06:44
–ü–ª–µ—á–æ –ü—Ä–æ—Ñ–µ—Å—Å–æ—Ä–∞,REMOVE,2024-01-14 06:44
–ú–∞—Å—Ç–µ—Ä—Å—Ç–≤–æ —Ç—Ä–µ–π–¥–∏–Ω–≥–∞,REMOVE,2024-01-14 06:44
Crypto Pirates Channel ¬ÆÔ∏è,REMOVE,2024-01-14 06:44
Trade Community,REMOVE,2024-01-14 06:44
CryptoGrad,REMOVE,2024-01-14 06:44
–Æ—Ä–∏–π –î–∞–≤–∏–¥–æ–≤|Trading –ö–∏—Çüê≥,REMOVE,2024-01-14 06:44
Crypto –£–ø—Ä–∞–≤–ª—è—é—â–∏–π,REMOVE,2024-01-14 06:44
Crypto Wolf,REMOVE,2024-01-14 06:44
PRO TRADING | SIGNALS,REMOVE,2024-01-14 06:44
THE BEST TRADERS,REMOVE,2024-01-14 06:44
Trade Indicator üöÄ,REMOVE,2024-01-14 06:44
–î–Ω–µ–≤–Ω–∏–∫ —Ç—Ä–µ–π–¥–µ—Ä–∞ | –õ–∏—á–Ω—ã–π –±–ª–æ–≥,REMOVE,2024-01-14 06:44
Crypto Angel - [VIP],REMOVE,2024-01-14 06:44
Crypto Futures [Signal],REMOVE,2024-01-14 06:44
Trading Expert,REMOVE,2024-01-14 06:44
Sakura | Japan Trade,REMOVE,2024-01-14 06:44
FOMA TRADE,REMOVE,2024-01-14 06:44
–î—ç–≤–∏–¥ –ë—Ä–∞—É–Ω | Crypto Revolution,REMOVE,2024-01-14 06:44
–ö—Ä–∏–ø—Ç–æ –†—ã–±–∞–∫ | Tradingüé£,REMOVE,2024-01-14 06:44
CryptoLab,REMOVE,2024-01-14 06:44
–†—É—Å–ª–∞–Ω ‚Ä¢ Crypto & Trader,REMOVE,2024-01-14 06:44
¬´–î–Ω–µ–≤–Ω–∏–∫ –¢–∏–º—É—Ä–∞¬ª –ù–ï,REMOVE,2024-01-14 06:55
Trading Expert –ù–ï,REMOVE,2024-01-14 06:55
–ê–∫—É–ª—å—è –ì–∞–≤–∞–Ω—å –ù–ï,REMOVE,2024-01-14 06:55
Crypto Wolf,ADD,2024-01-20 17:54
Crypto Pirates Channel ¬ÆÔ∏è,REMOVE,2024-01-22 18:00
–ú–ò–•–ê–ò–õ –ö–£–î–†–Ø–®–û–í [TRADING],ADD,2024-01-22 18:10
Crypto –£–ø—Ä–∞–≤–ª—è—é—â–∏–π,ADD,2024-01-22 18:10
Crypto Pirates Channel ¬ÆÔ∏è,REMOVE,2024-01-22 18:10
–ú–ò–•–ê–ò–õ –ö–£–î–†–Ø–®–û–í [TRADING],ADD,2024-01-22 18:11
Crypto –£–ø—Ä–∞–≤–ª—è—é—â–∏–π,ADD,2024-01-22 18:11
Crypto Pirates Channel ¬ÆÔ∏è,REMOVE,2024-01-22 18:11
CRYPTO HEADS | MAX ORLOV,ADD,2024-01-22 18:12
ZERO TEST,ADD,2024-01-22 18:12
–ú–ò–•–ê–ò–õ –ö–£–î–†–Ø–®–û–í [TRADING],ADD,2024-01-22 18:12
–°–∞—à–∞ –ì—Ä—ç–π–≤ | –ö—Ä–∏–ø—Ç–æ,ADD,2024-01-22 18:12
–ü–ª–µ—á–æ –ü—Ä–æ—Ñ–µ—Å—Å–æ—Ä–∞,ADD,2024-01-22 18:12
–Æ—Ä–∏–π –î–∞–≤–∏–¥–æ–≤|Trading –ö–∏—Çüê≥,ADD,2024-01-22 18:12
–ú–∞—Å—Ç–µ—Ä—Å—Ç–≤–æ —Ç—Ä–µ–π–¥–∏–Ω–≥–∞,ADD,2024-01-22 18:12
Osip Trade | Maxim Osipov,ADD,2024-01-22 18:12
CryptoGrad,ADD,2024-01-22 18:12
Trade Community,ADD,2024-01-22 18:12
¬´–ë–ª–æ–≥ –ú–∞—Ä–∫–æ–≤–∞¬ª,ADD,2024-01-22 18:12
Crypto –£–ø—Ä–∞–≤–ª—è—é—â–∏–π,ADD,2024-01-22 18:12
Crypto Wolf,ADD,2024-01-22 18:12
Crypto Angel - [VIP],ADD,2024-01-22 18:12
THE BEST TRADERS,ADD,2024-01-22 18:12
Sakura | Japan Trade,ADD,2024-01-22 18:12
FOMA TRADE,ADD,2024-01-22 18:12
–î–Ω–µ–≤–Ω–∏–∫ —Ç—Ä–µ–π–¥–µ—Ä–∞ | –õ–∏—á–Ω—ã–π –±–ª–æ–≥,ADD,2024-01-22 18:12
–î—ç–≤–∏–¥ –ë—Ä–∞—É–Ω | Crypto Revolution,ADD,2024-01-22 18:12
Trade Indicator üöÄ,ADD,2024-01-22 18:12
PRO TRADING | SIGNALS,ADD,2024-01-22 18:12
Crypto Futures [Signal],ADD,2024-01-22 18:12
–ö—Ä–∏–ø—Ç–æ –†—ã–±–∞–∫ | Tradingüé£,ADD,2024-01-22 18:12
–†—É—Å–ª–∞–Ω ‚Ä¢ Crypto & Trader,ADD,2024-01-22 18:12
CryptoLab,ADD,2024-01-22 18:12
–ú–ò–•–ê–ò–õ –ö–£–î–†–Ø–®–û–í [TRADING],REMOVE,2024-01-22 18:14
CRYPTO HEADS | MAX ORLOV,ADD,2024-01-22 18:15
ZERO TEST,ADD,2024-01-22 18:15
–°–∞—à–∞ –ì—Ä—ç–π–≤ | –ö—Ä–∏–ø—Ç–æ,ADD,2024-01-22 18:15
–ü–ª–µ—á–æ –ü—Ä–æ—Ñ–µ—Å—Å–æ—Ä–∞,ADD,2024-01-22 18:15
–Æ—Ä–∏–π –î–∞–≤–∏–¥–æ–≤|Trading –ö–∏—Çüê≥,ADD,2024-01-22 18:15
–ú–∞—Å—Ç–µ—Ä—Å—Ç–≤–æ —Ç—Ä–µ–π–¥–∏–Ω–≥–∞,ADD,2024-01-22 18:15
Osip Trade | Maxim Osipov,ADD,2024-01-22 18:15
CryptoGrad,ADD,2024-01-22 18:15
Trade Community,ADD,2024-01-22 18:15
¬´–ë–ª–æ–≥ –ú–∞—Ä–∫–æ–≤–∞¬ª,ADD,2024-01-22 18:15
Crypto –£–ø—Ä–∞–≤–ª—è—é—â–∏–π,ADD,2024-01-22 18:15
Crypto Wolf,ADD,2024-01-22 18:15
Crypto Angel - [VIP],ADD,2024-01-22 18:15
THE BEST TRADERS,ADD,2024-01-22 18:15
Sakura | Japan Trade,ADD,2024-01-22 18:15
FOMA TRADE,ADD,2024-01-22 18:15
–î–Ω–µ–≤–Ω–∏–∫ —Ç—Ä–µ–π–¥–µ—Ä–∞ | –õ–∏—á–Ω—ã–π –±–ª–æ–≥,ADD,2024-01-22 18:15
–î—ç–≤–∏–¥ –ë—Ä–∞—É–Ω | Crypto Revolution,ADD,2024-01-22 18:15
Trade Indicator üöÄ,ADD,2024-01-22 18:15
PRO TRADING | SIGNALS,ADD,2024-01-22 18:15
Crypto Futures [Signal],ADD,2024-01-22 18:15
–ö—Ä–∏–ø—Ç–æ –†—ã–±–∞–∫ | Tradingüé£,ADD,2024-01-22 18:15
–†—É—Å–ª–∞–Ω ‚Ä¢ Crypto & Trader,ADD,2024-01-22 18:15
CryptoLab,ADD,2024-01-22 18:15
CRYPTO HEADS | MAX ORLOV,ADD,2024-01-22 18:22
ZERO TEST,ADD,2024-01-22 18:22
–°–∞—à–∞ –ì—Ä—ç–π–≤ | –ö—Ä–∏–ø—Ç–æ,ADD,2024-01-22 18:22
–ü–ª–µ—á–æ –ü—Ä–æ—Ñ–µ—Å—Å–æ—Ä–∞,ADD,2024-01-22 18:22
–Æ—Ä–∏–π –î–∞–≤–∏–¥–æ–≤|Trading –ö–∏—Çüê≥,ADD,2024-01-22 18:22
–ú–∞—Å—Ç–µ—Ä—Å—Ç–≤–æ —Ç—Ä–µ–π–¥–∏–Ω–≥–∞,ADD,2024-01-22 18:22
Osip Trade | Maxim Osipov,ADD,2024-01-22 18:22
CryptoGrad,ADD,2024-01-22 18:22
Trade Community,ADD,2024-01-22 18:22
¬´–ë–ª–æ–≥ –ú–∞—Ä–∫–æ–≤–∞¬ª,ADD,2024-01-22 18:22
Crypto –£–ø—Ä–∞–≤–ª—è—é—â–∏–π,ADD,2024-01-22 18:22
Crypto Wolf,ADD,2024-01-22 18:22
Crypto Angel - [VIP],ADD,2024-01-22 18:22
THE BEST TRADERS,ADD,2024-01-22 18:22
Sakura | Japan Trade,ADD,2024-01-22 18:22
FOMA TRADE,ADD,2024-01-22 18:22
–î–Ω–µ–≤–Ω–∏–∫ —Ç—Ä–µ–π–¥–µ—Ä–∞ | –õ–∏—á–Ω—ã–π –±–ª–æ–≥,ADD,2024-01-22 18:22
–î—ç–≤–∏–¥ –ë—Ä–∞—É–Ω | Crypto Revolution,ADD,2024-01-22 18:22
Trade Indicator üöÄ,ADD,2024-01-22 18:22
PRO TRADING | SIGNALS,ADD,2024-01-22 18:22
Crypto Futures [Signal],ADD,2024-01-22 18:22
–ö—Ä–∏–ø—Ç–æ –†—ã–±–∞–∫ | Tradingüé£,ADD,2024-01-22 18:22
–†—É—Å–ª–∞–Ω ‚Ä¢ Crypto & Trader,ADD,2024-01-22 18:22
CryptoLab,ADD,2024-01-22 18:22
Crypto –£–ø—Ä–∞–≤–ª—è—é—â–∏–π,ADD,2024-01-22 18:26
Crypto Wolf,ADD,2024-01-22 18:26
Crypto Pirates Channel ¬ÆÔ∏è,REMOVE,2024-01-22 18:26
Crypto Angel - [VIP],REMOVE,2024-01-22 18:29
Crypto Angel - [VIP],ADD,2024-01-22 18:31
Crypto Wolf,REMOVE,2024-01-22 18:36
Crypto –£–ø—Ä–∞–≤–ª—è—é—â–∏–π,REMOVE,2024-01-22 18:39
ZERO TEST,ADD,2024-01-22 18:43
ZERO TEST,REMOVE,2024-01-22 18:43
ZERO TEST,REMOVE,2024-01-22 18:45
ZERO TEST,ADD,2024-01-22 18:46
¬´–ë–ª–æ–≥ –ú–∞—Ä–∫–æ–≤–∞¬ª,REMOVE,2024-01-22 18:54
_,ADD,2024-02-15 14:36
–ü–ª–µ—á–æ –ü—Ä–æ—Ñ–µ—Å—Å–æ—Ä–∞,REMOVE,2024-02-15 14:36
_,REMOVE,2024-02-15 15:30
